{
  "pqgram_p": 3,
  "pqgram_q": 3,
  "wl_subtree_jaccard_rounds": 1,
  "pqgram_weight": {
    "x_scale": 0.9954291582107544,
    "exponent": 4.965941429138184,
    "weight": 4.657548427581787
  },
  "ted_weight": {
    "x_scale": 0.7413067817687988,
    "exponent": 0.18233424425125122,
    "weight": 2.3411500453948975
  },
  "node_cosine_weight": {
    "x_scale": 0.6192563772201538,
    "exponent": 4.158022403717041,
    "weight": 0.18845996260643005
  },
  "bigram_cosine_weight": {
    "x_scale": 0.9940037727355957,
    "exponent": 4.894774913787842,
    "weight": 0.43597498536109924
  },
  "wl_subtree_jaccard_weight": {
    "x_scale": 0.8582642078399658,
    "exponent": 4.982110977172852,
    "weight": 3.2474124431610107
  }
}